architecture,task,parameters,step,distance,examples,accuracy,mean_rank,mean_margin,nll,elapsed_seconds
gqa,associative_recall,262848,1,8,256,0.0,118.390625,-1.1502481997013092,5.5436742305755615,0.7412621250005031
gqa,associative_recall,262848,1,16,256,0.0,129.9140625,-1.2112846672534943,5.57083785533905,0.7412621250005031
gqa,associative_recall,262848,1,32,256,0.0,126.5078125,-1.227199673652649,5.561579346656799,0.7412621250005031
gqa,associative_recall,262848,1,64,256,0.0,121.11328125,-1.237510085105896,5.5492130517959595,0.7412621250005031
gqa,associative_recall,262848,1,128,256,0.0,119.02734375,-1.2259147465229034,5.544921159744263,0.7412621250005031
gqa,associative_recall,262848,100,8,256,0.03125,51.32421875,-0.5168173536658287,5.300960302352905,2.260424750000311
gqa,associative_recall,262848,100,16,256,0.04296875,58.59375,-0.5525004863739014,5.323212385177612,2.260424750000311
gqa,associative_recall,262848,100,32,256,0.01171875,55.13671875,-0.5291233137249947,5.325960159301758,2.260424750000311
gqa,associative_recall,262848,100,64,256,0.015625,62.40625,-0.554327666759491,5.351276397705078,2.260424750000311
gqa,associative_recall,262848,100,128,256,0.0234375,61.87109375,-0.531336322426796,5.342193245887756,2.260424750000311
gqa,associative_recall,262848,200,8,256,0.0546875,37.07421875,-0.5051310956478119,5.14351487159729,3.3440214170004765
gqa,associative_recall,262848,200,16,256,0.04296875,43.37109375,-0.5432790666818619,5.183292388916016,3.3440214170004765
gqa,associative_recall,262848,200,32,256,0.03515625,42.30078125,-0.5342396721243858,5.1888415813446045,3.3440214170004765
gqa,associative_recall,262848,200,64,256,0.0390625,52.20703125,-0.5765174329280853,5.250121593475342,3.3440214170004765
gqa,associative_recall,262848,200,128,256,0.0390625,55.671875,-0.5739579498767853,5.260615825653076,3.3440214170004765
gqa,associative_recall,262848,300,8,256,0.09765625,29.1796875,-0.4989888295531273,4.98616635799408,4.420248124999489
gqa,associative_recall,262848,300,16,256,0.05859375,34.1328125,-0.5592131465673447,5.04763126373291,4.420248124999489
gqa,associative_recall,262848,300,32,256,0.0625,36.05859375,-0.5638918876647949,5.066506743431091,4.420248124999489
gqa,associative_recall,262848,300,64,256,0.03515625,47.44921875,-0.633150041103363,5.161840438842773,4.420248124999489
gqa,associative_recall,262848,300,128,256,0.0390625,50.19921875,-0.620040699839592,5.175046801567078,4.420248124999489
gqa,associative_recall,262848,400,8,256,0.22265625,19.18359375,-0.3739011436700821,4.7210060358047485,5.5058426249997865
gqa,associative_recall,262848,400,16,256,0.1640625,23.21484375,-0.46248185634613037,4.8032532930374146,5.5058426249997865
gqa,associative_recall,262848,400,32,256,0.13671875,21.8359375,-0.4624346196651459,4.7929136753082275,5.5058426249997865
gqa,associative_recall,262848,400,64,256,0.09765625,29.8046875,-0.5170808658003807,4.930348634719849,5.5058426249997865
gqa,associative_recall,262848,400,128,256,0.09375,39.3984375,-0.5485996752977371,5.025233507156372,5.5058426249997865
gqa,associative_recall,262848,500,8,256,0.4609375,11.484375,-0.13289007870480418,4.350042700767517,6.621032541999739
gqa,associative_recall,262848,500,16,256,0.4296875,10.63671875,-0.1547370608896017,4.378398656845093,6.621032541999739
gqa,associative_recall,262848,500,32,256,0.4609375,8.015625,-0.09039402194321156,4.308518648147583,6.621032541999739
gqa,associative_recall,262848,500,64,256,0.2890625,15.00390625,-0.26476187258958817,4.54732608795166,6.621032541999739
gqa,associative_recall,262848,500,128,256,0.203125,18.078125,-0.3196667954325676,4.717332363128662,6.621032541999739
gqa,associative_recall,262848,600,8,256,0.72265625,4.48828125,0.1803048960864544,3.9114598631858826,7.7504047919992445
gqa,associative_recall,262848,600,16,256,0.63671875,5.52734375,0.07917671743780375,3.9772068858146667,7.7504047919992445
gqa,associative_recall,262848,600,32,256,0.66015625,4.45703125,0.14207904785871506,3.9186915159225464,7.7504047919992445
gqa,associative_recall,262848,600,64,256,0.6015625,6.05859375,0.062076323200017214,4.05228066444397,7.7504047919992445
gqa,associative_recall,262848,600,128,256,0.5,8.74609375,-0.044517460744827986,4.260929584503174,7.7504047919992445
gqa,associative_recall,262848,700,8,256,0.8359375,3.17578125,0.35995403677225113,3.5504767298698425,8.87398654199933
gqa,associative_recall,262848,700,16,256,0.7578125,3.84765625,0.29844415560364723,3.6000823974609375,8.87398654199933
gqa,associative_recall,262848,700,32,256,0.828125,3.30859375,0.3645729795098305,3.562523901462555,8.87398654199933
gqa,associative_recall,262848,700,64,256,0.78515625,4.65625,0.2708396576344967,3.6911396980285645,8.87398654199933
gqa,associative_recall,262848,700,128,256,0.61328125,7.00390625,0.08367744833230972,3.9698601365089417,8.87398654199933
gqa,associative_recall,262848,800,8,256,0.9140625,1.90625,0.595140241086483,3.1733015179634094,9.96622433399898
gqa,associative_recall,262848,800,16,256,0.87890625,2.51953125,0.535337045788765,3.2205326557159424,9.96622433399898
gqa,associative_recall,262848,800,32,256,0.8984375,2.1796875,0.5466277301311493,3.1845194697380066,9.96622433399898
gqa,associative_recall,262848,800,64,256,0.86328125,1.59375,0.5224341824650764,3.2743595242500305,9.96622433399898
gqa,associative_recall,262848,800,128,256,0.7265625,3.48828125,0.27092983573675156,3.5621175169944763,9.96622433399898
gqa,associative_recall,262848,900,8,256,0.953125,1.18359375,0.830186665058136,2.7933337688446045,11.034854208999604
gqa,associative_recall,262848,900,16,256,0.9375,1.5,0.8140627890825272,2.8061134815216064,11.034854208999604
gqa,associative_recall,262848,900,32,256,0.93359375,2.5703125,0.7495877593755722,2.841622471809387,11.034854208999604
gqa,associative_recall,262848,900,64,256,0.8984375,1.96875,0.6880529820919037,2.9326178431510925,11.034854208999604
gqa,associative_recall,262848,900,128,256,0.8046875,3.01171875,0.43007852137088776,3.2044527530670166,11.034854208999604
gqa,associative_recall,262848,1000,8,256,0.9765625,1.40234375,1.0697596669197083,2.4043827056884766,12.1201361250005
gqa,associative_recall,262848,1000,16,256,0.94921875,2.58984375,1.0780200362205505,2.4036670923233032,12.1201361250005
gqa,associative_recall,262848,1000,32,256,0.9453125,3.125,0.9643105417490005,2.485306978225708,12.1201361250005
gqa,associative_recall,262848,1000,64,256,0.91015625,1.625,0.9358498752117157,2.5472307801246643,12.1201361250005
gqa,associative_recall,262848,1000,128,256,0.83984375,3.2265625,0.5945470258593559,2.8962261080741882,12.1201361250005
gqa,associative_recall,262848,1100,8,256,0.953125,2.734375,1.271605908870697,2.114458918571472,13.248091792000196
gqa,associative_recall,262848,1100,16,256,0.94921875,1.97265625,1.303023487329483,2.0870845913887024,13.248091792000196
gqa,associative_recall,262848,1100,32,256,0.9609375,1.64453125,1.3084753453731537,2.0768428444862366,13.248091792000196
gqa,associative_recall,262848,1100,64,256,0.9609375,1.12890625,1.2662593722343445,2.1588178873062134,13.248091792000196
gqa,associative_recall,262848,1100,128,256,0.90234375,1.8828125,0.9449833631515503,2.4560816884040833,13.248091792000196
gqa,associative_recall,262848,1200,8,256,0.98046875,1.66796875,1.5760502815246582,1.7517265975475311,14.396071416998893
gqa,associative_recall,262848,1200,16,256,0.9609375,1.78125,1.5727517008781433,1.7516894042491913,14.396071416998893
gqa,associative_recall,262848,1200,32,256,0.98828125,1.01953125,1.6650633811950684,1.683594673871994,14.396071416998893
gqa,associative_recall,262848,1200,64,256,0.9609375,1.203125,1.5461366772651672,1.819132924079895,14.396071416998893
gqa,associative_recall,262848,1200,128,256,0.8984375,1.58984375,1.1047788858413696,2.1668494939804077,14.396071416998893
gqa,associative_recall,262848,1300,8,256,0.96875,1.61328125,1.834282100200653,1.4652243852615356,15.536600416999136
gqa,associative_recall,262848,1300,16,256,0.9765625,2.2265625,1.8734915256500244,1.446868747472763,15.536600416999136
gqa,associative_recall,262848,1300,32,256,0.984375,1.0234375,1.9346546828746796,1.3947110176086426,15.536600416999136
gqa,associative_recall,262848,1300,64,256,0.97265625,1.1796875,1.8008098304271698,1.5227185785770416,15.536600416999136
gqa,associative_recall,262848,1300,128,256,0.90625,3.0390625,1.2622028589248657,1.9159772396087646,15.536600416999136
gqa,associative_recall,262848,1400,8,256,0.97265625,1.83203125,2.072943538427353,1.2146347165107727,16.680816750000304
gqa,associative_recall,262848,1400,16,256,0.96484375,1.7890625,2.111399620771408,1.2093979716300964,16.680816750000304
gqa,associative_recall,262848,1400,32,256,0.96484375,1.4921875,2.0997039675712585,1.2013055980205536,16.680816750000304
gqa,associative_recall,262848,1400,64,256,0.9609375,1.44140625,2.024112820625305,1.2827132940292358,16.680816750000304
gqa,associative_recall,262848,1400,128,256,0.88671875,1.80078125,1.3577341735363007,1.735730230808258,16.680816750000304
gqa,associative_recall,262848,1500,8,256,0.984375,1.03125,2.478880226612091,0.9104695618152618,17.781334708999566
gqa,associative_recall,262848,1500,16,256,0.98828125,1.15234375,2.5219061970710754,0.8844055235385895,17.781334708999566
gqa,associative_recall,262848,1500,32,256,0.984375,1.10546875,2.4461695551872253,0.9082488864660263,17.781334708999566
gqa,associative_recall,262848,1500,64,256,0.95703125,1.30859375,2.266144096851349,1.0537246465682983,17.781334708999566
gqa,associative_recall,262848,1500,128,256,0.83203125,3.74609375,1.252891480922699,1.7349114120006561,17.781334708999566
gqa,induction,262848,1,8,256,0.0078125,126.46875,-1.1441194415092468,5.552492260932922,0.12151166700095928
gqa,induction,262848,1,16,256,0.0,124.31640625,-1.1932244300842285,5.555628776550293,0.12151166700095928
gqa,induction,262848,1,32,256,0.0,138.96875,-1.26463183760643,5.588570237159729,0.12151166700095928
gqa,induction,262848,1,64,256,0.0,132.46875,-1.2436689138412476,5.572633504867554,0.12151166700095928
gqa,induction,262848,1,128,256,0.0,121.94921875,-1.2405954003334045,5.5563132762908936,0.12151166700095928
gqa,induction,262848,100,8,256,0.0234375,70.80859375,-0.5455342680215836,5.381612062454224,1.2110350420007308
gqa,induction,262848,100,16,256,0.01953125,65.96484375,-0.5307420715689659,5.369783997535706,1.2110350420007308
gqa,induction,262848,100,32,256,0.00390625,75.73828125,-0.5841588377952576,5.404361724853516,1.2110350420007308
gqa,induction,262848,100,64,256,0.00390625,79.1875,-0.5826113969087601,5.409278154373169,1.2110350420007308
gqa,induction,262848,100,128,256,0.0,77.2890625,-0.5755714774131775,5.406304955482483,1.2110350420007308
gqa,induction,262848,200,8,256,0.0390625,57.83984375,-0.5394965708255768,5.291346311569214,2.299546834001376
gqa,induction,262848,200,16,256,0.02734375,54.19921875,-0.5217502489686012,5.277050852775574,2.299546834001376
gqa,induction,262848,200,32,256,0.03125,59.58203125,-0.5514950752258301,5.300752878189087,2.299546834001376
gqa,induction,262848,200,64,256,0.0078125,67.80078125,-0.5696522146463394,5.335147380828857,2.299546834001376
gqa,induction,262848,200,128,256,0.01171875,70.1328125,-0.5694682747125626,5.341954231262207,2.299546834001376
gqa,induction,262848,300,8,256,0.04296875,44.99609375,-0.5444189310073853,5.1865071058273315,3.2968377500001225
gqa,induction,262848,300,16,256,0.0390625,48.34765625,-0.5600158646702766,5.200331211090088,3.2968377500001225
gqa,induction,262848,300,32,256,0.015625,53.625,-0.5966893881559372,5.234819650650024,3.2968377500001225
gqa,induction,262848,300,64,256,0.01953125,61.22265625,-0.6243601739406586,5.27781081199646,3.2968377500001225
gqa,induction,262848,300,128,256,0.0234375,65.00390625,-0.6139929741621017,5.284055471420288,3.2968377500001225
gqa,induction,262848,400,8,256,0.05859375,37.0625,-0.557891920208931,5.074017286300659,4.298833917000593
gqa,induction,262848,400,16,256,0.04296875,44.9453125,-0.6067998856306076,5.1312994956970215,4.298833917000593
gqa,induction,262848,400,32,256,0.05078125,44.5234375,-0.6128553599119186,5.138310432434082,4.298833917000593
gqa,induction,262848,400,64,256,0.015625,55.26953125,-0.6674113273620605,5.218352317810059,4.298833917000593
gqa,induction,262848,400,128,256,0.0390625,60.91015625,-0.6773915141820908,5.233402729034424,4.298833917000593
gqa,induction,262848,500,8,256,0.09375,27.8984375,-0.5161160826683044,4.917666912078857,5.273594500000399
gqa,induction,262848,500,16,256,0.03125,46.58203125,-0.6893716007471085,5.096742153167725,5.273594500000399
gqa,induction,262848,500,32,256,0.10546875,25.375,-0.5123954266309738,4.912478566169739,5.273594500000399
gqa,induction,262848,500,64,256,0.0078125,55.54296875,-0.7405206710100174,5.182419776916504,5.273594500000399
gqa,induction,262848,500,128,256,0.015625,66.08984375,-0.7738794833421707,5.246889114379883,5.273594500000399
gqa,induction,262848,600,8,256,0.578125,2.3671875,0.0717911166138947,4.221548438072205,6.253832375001366
gqa,induction,262848,600,16,256,0.046875,44.56640625,-0.7791093289852142,5.038772106170654,6.253832375001366
gqa,induction,262848,600,32,256,0.546875,2.66796875,0.07335538882762194,4.202874422073364,6.253832375001366
gqa,induction,262848,600,64,256,0.03515625,59.75,-0.7871584296226501,5.159027099609375,6.253832375001366
gqa,induction,262848,600,128,256,0.01171875,84.17578125,-0.9624707698822021,5.332797050476074,6.253832375001366
gqa,induction,262848,700,8,256,0.93359375,1.09765625,0.49056389182806015,3.6082661747932434,7.2438685420002
gqa,induction,262848,700,16,256,0.2109375,18.6328125,-0.46932588517665863,4.5488022565841675,7.2438685420002
gqa,induction,262848,700,32,256,0.91015625,1.15234375,0.47729890793561935,3.594836175441742,7.2438685420002
gqa,induction,262848,700,64,256,0.12890625,36.8984375,-0.6759897768497467,4.78974449634552,7.2438685420002
gqa,induction,262848,700,128,256,0.015625,87.24609375,-1.2362100183963776,5.357780575752258,7.2438685420002
gqa,induction,262848,800,8,256,0.984375,1.015625,0.7882335036993027,3.0642606616020203,8.230696750000789
gqa,induction,262848,800,16,256,0.61328125,4.2890625,0.07650037109851837,3.747510075569153,8.230696750000789
gqa,induction,262848,800,32,256,0.98046875,1.01953125,0.7988182008266449,3.0316690802574158,8.230696750000789
gqa,induction,262848,800,64,256,0.38671875,10.28125,-0.2311950996518135,4.0447200536727905,8.230696750000789
gqa,induction,262848,800,128,256,0.015625,79.33203125,-1.5212766826152802,5.312032341957092,8.230696750000789
gqa,induction,262848,900,8,256,0.99609375,1.00390625,1.1523274183273315,2.4972338676452637,9.219806042001437
gqa,induction,262848,900,16,256,0.90234375,1.48046875,0.7321812659502029,2.882323384284973,9.219806042001437
gqa,induction,262848,900,32,256,0.99609375,1.00390625,1.1540719866752625,2.483890414237976,9.219806042001437
gqa,induction,262848,900,64,256,0.45703125,17.84765625,-0.320539191365242,3.9196499586105347,9.219806042001437
gqa,induction,262848,900,128,256,0.03515625,72.078125,-1.5512453019618988,5.187477350234985,9.219806042001437
gqa,induction,262848,1000,8,256,1.0,1.0,1.5350630581378937,1.9761692881584167,10.196945125000639
gqa,induction,262848,1000,16,256,0.95703125,2.515625,1.1104940176010132,2.321228861808777,10.196945125000639
gqa,induction,262848,1000,32,256,0.99609375,1.00390625,1.5472569167613983,1.9555713534355164,10.196945125000639
gqa,induction,262848,1000,64,256,0.234375,29.32421875,-0.8298859298229218,4.249515414237976,10.196945125000639
gqa,induction,262848,1000,128,256,0.0234375,83.55859375,-1.6951009035110474,5.347176671028137,10.196945125000639
gqa,induction,262848,1100,8,256,0.99609375,1.01171875,1.9943923354148865,1.4563822448253632,11.193283917000372
gqa,induction,262848,1100,16,256,0.98828125,1.53515625,1.7277915179729462,1.6409651935100555,11.193283917000372
gqa,induction,262848,1100,32,256,0.99609375,1.63671875,2.0210762917995453,1.4400966465473175,11.193283917000372
gqa,induction,262848,1100,64,256,0.21484375,30.76953125,-1.0218570530414581,4.207868814468384,11.193283917000372
gqa,induction,262848,1100,128,256,0.0078125,95.80859375,-2.008772164583206,5.581199765205383,11.193283917000372
gqa,induction,262848,1200,8,256,1.0,1.0,2.5147253274917603,0.9901086986064911,12.220552333999876
gqa,induction,262848,1200,16,256,1.0,1.0,2.23855197429657,1.1336245238780975,12.220552333999876
gqa,induction,262848,1200,32,256,1.0,1.0,2.5518070459365845,0.9763397127389908,12.220552333999876
gqa,induction,262848,1200,64,256,0.203125,37.88671875,-1.3477260768413544,4.31450080871582,12.220552333999876
gqa,induction,262848,1200,128,256,0.01953125,93.31640625,-2.274717330932617,5.663931488990784,12.220552333999876
gqa,induction,262848,1300,8,256,0.98828125,1.16796875,2.994196057319641,0.677946001291275,13.230081458999848
gqa,induction,262848,1300,16,256,0.9921875,1.3359375,2.6554569005966187,0.8090855777263641,13.230081458999848
gqa,induction,262848,1300,32,256,0.9921875,1.046875,3.0509807467460632,0.6434536278247833,13.230081458999848
gqa,induction,262848,1300,64,256,0.1328125,49.46484375,-1.8899067044258118,4.5749733448028564,13.230081458999848
gqa,induction,262848,1300,128,256,0.01171875,100.0546875,-2.434232771396637,5.761911869049072,13.230081458999848
gqa,induction,262848,1400,8,256,1.0,1.0,3.624264717102051,0.3832622915506363,14.225666084001205
gqa,induction,262848,1400,16,256,0.9921875,1.33203125,3.2666167616844177,0.48580368608236313,14.225666084001205
gqa,induction,262848,1400,32,256,1.0,1.0,3.6485231518745422,0.374687135219574,14.225666084001205
gqa,induction,262848,1400,64,256,0.12109375,49.00390625,-2.1145744025707245,4.501784801483154,14.225666084001205
gqa,induction,262848,1400,128,256,0.01953125,100.29296875,-2.7080525159835815,5.8927857875823975,14.225666084001205
gqa,induction,262848,1500,8,256,1.0,1.0,4.08573579788208,0.24356240406632423,15.220933167000112
gqa,induction,262848,1500,16,256,1.0,1.0,3.7473965883255005,0.29998844116926193,15.220933167000112
gqa,induction,262848,1500,32,256,1.0,1.0,4.11108660697937,0.23600469902157784,15.220933167000112
gqa,induction,262848,1500,64,256,0.17578125,45.7734375,-2.001475065946579,4.356276512145996,15.220933167000112
gqa,induction,262848,1500,128,256,0.0234375,89.64453125,-2.5658193826675415,5.666252374649048,15.220933167000112
causal_conv,associative_recall,263744,1,8,256,0.0,128.5234375,-1.2711272537708282,5.565582036972046,0.2527772079993156
causal_conv,associative_recall,263744,1,16,256,0.0,136.4921875,-1.2885674238204956,5.5868000984191895,0.2527772079993156
causal_conv,associative_recall,263744,1,32,256,0.0,132.6640625,-1.2796813249588013,5.573277831077576,0.2527772079993156
causal_conv,associative_recall,263744,1,64,256,0.0,126.03125,-1.2684206068515778,5.562095522880554,0.2527772079993156
causal_conv,associative_recall,263744,1,128,256,0.0,136.76953125,-1.276419073343277,5.579525947570801,0.2527772079993156
causal_conv,associative_recall,263744,100,8,256,0.0,121.6953125,-1.1295143961906433,5.541380882263184,0.9079065829992032
causal_conv,associative_recall,263744,100,16,256,0.0,128.07421875,-1.1402204632759094,5.5589728355407715,0.9079065829992032
causal_conv,associative_recall,263744,100,32,256,0.0,121.1640625,-1.1243931949138641,5.540228724479675,0.9079065829992032
causal_conv,associative_recall,263744,100,64,256,0.0,117.17578125,-1.112364649772644,5.531655192375183,0.9079065829992032
causal_conv,associative_recall,263744,100,128,256,0.0,125.8984375,-1.1237214803695679,5.549060344696045,0.9079065829992032
causal_conv,associative_recall,263744,200,8,256,0.0,122.02734375,-0.43930085003376007,5.498488903045654,1.50789495799836
causal_conv,associative_recall,263744,200,16,256,0.0,118.5625,-0.4315299093723297,5.49221396446228,1.50789495799836
causal_conv,associative_recall,263744,200,32,256,0.00390625,117.140625,-0.4336797967553139,5.489668250083923,1.50789495799836
causal_conv,associative_recall,263744,200,64,256,0.00390625,122.51171875,-0.4445664882659912,5.502338886260986,1.50789495799836
causal_conv,associative_recall,263744,200,128,256,0.0078125,125.17578125,-0.4492820203304291,5.507501244544983,1.50789495799836
causal_conv,associative_recall,263744,300,8,256,0.00390625,123.80078125,-0.36684565991163254,5.495348691940308,2.1060126249994937
causal_conv,associative_recall,263744,300,16,256,0.00390625,117.26171875,-0.3579404652118683,5.487270832061768,2.1060126249994937
causal_conv,associative_recall,263744,300,32,256,0.0,118.36328125,-0.363649845123291,5.4909747838974,2.1060126249994937
causal_conv,associative_recall,263744,300,64,256,0.00390625,120.45703125,-0.36374852806329727,5.494374752044678,2.1060126249994937
causal_conv,associative_recall,263744,300,128,256,0.00390625,116.57421875,-0.35434799641370773,5.484729290008545,2.1060126249994937
causal_conv,associative_recall,263744,400,8,256,0.0,121.30078125,-0.36895187944173813,5.494357347488403,2.6773404169998685
causal_conv,associative_recall,263744,400,16,256,0.00390625,118.34765625,-0.3641025125980377,5.489152908325195,2.6773404169998685
causal_conv,associative_recall,263744,400,32,256,0.00390625,115.625,-0.3606147840619087,5.484218120574951,2.6773404169998685
causal_conv,associative_recall,263744,400,64,256,0.01171875,116.375,-0.3591962084174156,5.483013153076172,2.6773404169998685
causal_conv,associative_recall,263744,400,128,256,0.0,126.48046875,-0.37776000052690506,5.5037922859191895,2.6773404169998685
causal_conv,associative_recall,263744,500,8,256,0.00390625,127.78515625,-0.3973497003316879,5.509592175483704,3.248836416998529
causal_conv,associative_recall,263744,500,16,256,0.0,116.99609375,-0.3718690052628517,5.4837024211883545,3.248836416998529
causal_conv,associative_recall,263744,500,32,256,0.0,117.83203125,-0.3747060298919678,5.487008213996887,3.248836416998529
causal_conv,associative_recall,263744,500,64,256,0.01171875,120.8125,-0.37791822850704193,5.490826487541199,3.248836416998529
causal_conv,associative_recall,263744,500,128,256,0.00390625,124.48046875,-0.38545771688222885,5.496997952461243,3.248836416998529
causal_conv,associative_recall,263744,600,8,256,0.00390625,114.84765625,-0.3610329180955887,5.477847099304199,3.821277041999565
causal_conv,associative_recall,263744,600,16,256,0.00390625,124.3515625,-0.38244567066431046,5.498018383979797,3.821277041999565
causal_conv,associative_recall,263744,600,32,256,0.01171875,116.73828125,-0.364857941865921,5.4818278551101685,3.821277041999565
causal_conv,associative_recall,263744,600,64,256,0.00390625,119.53515625,-0.37053247541189194,5.487408995628357,3.821277041999565
causal_conv,associative_recall,263744,600,128,256,0.00390625,123.9296875,-0.3808317482471466,5.497552394866943,3.821277041999565
causal_conv,associative_recall,263744,700,8,256,0.0,113.87890625,-0.5265664905309677,5.476276874542236,4.3912661249996745
causal_conv,associative_recall,263744,700,16,256,0.0,123.30078125,-0.5475639700889587,5.498329997062683,4.3912661249996745
causal_conv,associative_recall,263744,700,32,256,0.00390625,116.24609375,-0.5342890620231628,5.483853816986084,4.3912661249996745
causal_conv,associative_recall,263744,700,64,256,0.00390625,117.64453125,-0.5334899723529816,5.48421323299408,4.3912661249996745
causal_conv,associative_recall,263744,700,128,256,0.01171875,121.39453125,-0.5397510975599289,5.490865707397461,4.3912661249996745
causal_conv,associative_recall,263744,800,8,256,0.01171875,122.65234375,-0.3278420642018318,5.489806532859802,4.962214874998608
causal_conv,associative_recall,263744,800,16,256,0.0,116.94921875,-0.32493089884519577,5.486441135406494,4.962214874998608
causal_conv,associative_recall,263744,800,32,256,0.00390625,116.65625,-0.3226754367351532,5.484058737754822,4.962214874998608
causal_conv,associative_recall,263744,800,64,256,0.0,115.046875,-0.3195730075240135,5.480769157409668,4.962214874998608
causal_conv,associative_recall,263744,800,128,256,0.0,118.66796875,-0.32572268694639206,5.485718607902527,4.962214874998608
causal_conv,associative_recall,263744,900,8,256,0.01171875,121.85546875,-0.3008607551455498,5.489000916481018,5.550809582999136
causal_conv,associative_recall,263744,900,16,256,0.0,112.796875,-0.2888520285487175,5.477040648460388,5.550809582999136
causal_conv,associative_recall,263744,900,32,256,0.0,123.08984375,-0.3056328743696213,5.493233799934387,5.550809582999136
causal_conv,associative_recall,263744,900,64,256,0.0,114.95703125,-0.29126010835170746,5.478602290153503,5.550809582999136
causal_conv,associative_recall,263744,900,128,256,0.0,119.35546875,-0.2988656088709831,5.485805034637451,5.550809582999136
causal_conv,associative_recall,263744,1000,8,256,0.00390625,127.0625,-0.34253085404634476,5.500641345977783,6.143862916998842
causal_conv,associative_recall,263744,1000,16,256,0.00390625,114.2265625,-0.3183034136891365,5.477160453796387,6.143862916998842
causal_conv,associative_recall,263744,1000,32,256,0.00390625,122.984375,-0.3374972939491272,5.496366024017334,6.143862916998842
causal_conv,associative_recall,263744,1000,64,256,0.0,116.90625,-0.32368386536836624,5.4819536209106445,6.143862916998842
causal_conv,associative_recall,263744,1000,128,256,0.00390625,121.6171875,-0.33240681886672974,5.491899609565735,6.143862916998842
causal_conv,associative_recall,263744,1100,8,256,0.0,125.18359375,-0.30076756328344345,5.49467408657074,6.759860791999017
causal_conv,associative_recall,263744,1100,16,256,0.00390625,111.9296875,-0.2801164835691452,5.4732325077056885,6.759860791999017
causal_conv,associative_recall,263744,1100,32,256,0.0078125,117.4453125,-0.2886762171983719,5.481890439987183,6.759860791999017
causal_conv,associative_recall,263744,1100,64,256,0.01171875,118.6328125,-0.2909120097756386,5.484706163406372,6.759860791999017
causal_conv,associative_recall,263744,1100,128,256,0.00390625,119.3125,-0.2942121624946594,5.487876057624817,6.759860791999017
causal_conv,associative_recall,263744,1200,8,256,0.00390625,120.15625,-0.30599115043878555,5.488640666007996,7.366402541998468
causal_conv,associative_recall,263744,1200,16,256,0.0,117.62109375,-0.30414995551109314,5.485591530799866,7.366402541998468
causal_conv,associative_recall,263744,1200,32,256,0.00390625,122.16015625,-0.3073214739561081,5.489114284515381,7.366402541998468
causal_conv,associative_recall,263744,1200,64,256,0.00390625,121.796875,-0.30875352025032043,5.490377426147461,7.366402541998468
causal_conv,associative_recall,263744,1200,128,256,0.00390625,121.09765625,-0.30655308067798615,5.488298058509827,7.366402541998468
causal_conv,associative_recall,263744,1300,8,256,0.0,118.00390625,-0.27299002557992935,5.484222888946533,7.977451457998541
causal_conv,associative_recall,263744,1300,16,256,0.00390625,124.4609375,-0.2806680500507355,5.491754651069641,7.977451457998541
causal_conv,associative_recall,263744,1300,32,256,0.00390625,123.33203125,-0.2815171033143997,5.492287516593933,7.977451457998541
causal_conv,associative_recall,263744,1300,64,256,0.00390625,116.45703125,-0.2698654681444168,5.480933904647827,7.977451457998541
causal_conv,associative_recall,263744,1300,128,256,0.00390625,126.88671875,-0.28748953342437744,5.497785210609436,7.977451457998541
causal_conv,associative_recall,263744,1400,8,256,0.00390625,128.5234375,-0.2966871112585068,5.500645637512207,8.612409416999071
causal_conv,associative_recall,263744,1400,16,256,0.0,119.0,-0.2832080125808716,5.4867939949035645,8.612409416999071
causal_conv,associative_recall,263744,1400,32,256,0.00390625,122.7890625,-0.2868347838521004,5.4906076192855835,8.612409416999071
causal_conv,associative_recall,263744,1400,64,256,0.00390625,115.34765625,-0.2761577293276787,5.479842185974121,8.612409416999071
causal_conv,associative_recall,263744,1400,128,256,0.01171875,124.1484375,-0.2880953475832939,5.491449236869812,8.612409416999071
causal_conv,associative_recall,263744,1500,8,256,0.0,127.75,-0.251543864607811,5.497815370559692,9.212411916998462
causal_conv,associative_recall,263744,1500,16,256,0.00390625,122.19921875,-0.24606627970933914,5.491641283035278,9.212411916998462
causal_conv,associative_recall,263744,1500,32,256,0.0,124.44140625,-0.2456882856786251,5.4919774532318115,9.212411916998462
causal_conv,associative_recall,263744,1500,64,256,0.0078125,122.5625,-0.2412250153720379,5.4869608879089355,9.212411916998462
causal_conv,associative_recall,263744,1500,128,256,0.01171875,119.2265625,-0.23715515807271004,5.483482480049133,9.212411916998462
causal_conv,induction,263744,1,8,256,0.0078125,123.70703125,-1.2356228232383728,5.551460385322571,0.06170400000155496
causal_conv,induction,263744,1,16,256,0.0,129.1484375,-1.2631542682647705,5.571446180343628,0.06170400000155496
causal_conv,induction,263744,1,32,256,0.0,133.71484375,-1.279837280511856,5.578100085258484,0.06170400000155496
causal_conv,induction,263744,1,64,256,0.0,126.40234375,-1.2596484422683716,5.55965256690979,0.06170400000155496
causal_conv,induction,263744,1,128,256,0.0,122.87109375,-1.2545699179172516,5.559622168540955,0.06170400000155496
causal_conv,induction,263744,100,8,256,0.0078125,116.28125,-1.1149809956550598,5.528818368911743,0.6519141670014506
causal_conv,induction,263744,100,16,256,0.0,124.2265625,-1.1432976424694061,5.552518606185913,0.6519141670014506
causal_conv,induction,263744,100,32,256,0.0,125.5625,-1.1589582860469818,5.554727673530579,0.6519141670014506
causal_conv,induction,263744,100,64,256,0.0,120.23828125,-1.1393666565418243,5.539252042770386,0.6519141670014506
causal_conv,induction,263744,100,128,256,0.0,118.01953125,-1.1339569687843323,5.538282036781311,0.6519141670014506
causal_conv,induction,263744,200,8,256,0.00390625,119.6484375,-0.44674088805913925,5.494253396987915,1.2477094590012712
causal_conv,induction,263744,200,16,256,0.0,117.5625,-0.4314652904868126,5.491692066192627,1.2477094590012712
causal_conv,induction,263744,200,32,256,0.0,118.6328125,-0.43828149884939194,5.4933998584747314,1.2477094590012712
causal_conv,induction,263744,200,64,256,0.0078125,124.328125,-0.44997528195381165,5.503034472465515,1.2477094590012712
causal_conv,induction,263744,200,128,256,0.0,121.84375,-0.44653402268886566,5.5015629529953,1.2477094590012712
causal_conv,induction,263744,300,8,256,0.0078125,122.46875,-0.38875266164541245,5.49551796913147,1.8677910000005795
causal_conv,induction,263744,300,16,256,0.00390625,116.48046875,-0.3738826662302017,5.485851526260376,1.8677910000005795
causal_conv,induction,263744,300,32,256,0.0,119.19921875,-0.3784726709127426,5.491977334022522,1.8677910000005795
causal_conv,induction,263744,300,64,256,0.015625,121.44921875,-0.37801484018564224,5.49506151676178,1.8677910000005795
causal_conv,induction,263744,300,128,256,0.0078125,116.6015625,-0.36866647750139236,5.483495473861694,1.8677910000005795
causal_conv,induction,263744,400,8,256,0.0,119.8984375,-0.3559674695134163,5.491702914237976,2.4693671250006446
causal_conv,induction,263744,400,16,256,0.00390625,117.51171875,-0.3467561900615692,5.486373424530029,2.4693671250006446
causal_conv,induction,263744,400,32,256,0.00390625,116.171875,-0.3470759391784668,5.484188675880432,2.4693671250006446
causal_conv,induction,263744,400,64,256,0.0078125,116.734375,-0.34399160742759705,5.483628273010254,2.4693671250006446
causal_conv,induction,263744,400,128,256,0.0,124.94921875,-0.36190149188041687,5.501131892204285,2.4693671250006446
causal_conv,induction,263744,500,8,256,0.0,127.34375,-0.41358038783073425,5.508674263954163,3.075349709000875
causal_conv,induction,263744,500,16,256,0.0,115.94921875,-0.38846617192029953,5.483627557754517,3.075349709000875
causal_conv,induction,263744,500,32,256,0.00390625,118.2890625,-0.3976155295968056,5.487083435058594,3.075349709000875
causal_conv,induction,263744,500,64,256,0.01171875,120.8984375,-0.395929753780365,5.490827560424805,3.075349709000875
causal_conv,induction,263744,500,128,256,0.0078125,123.77734375,-0.40086593478918076,5.495797514915466,3.075349709000875
causal_conv,induction,263744,600,8,256,0.00390625,113.74609375,-0.3724612444639206,5.475900769233704,3.6932953340001404
causal_conv,induction,263744,600,16,256,0.00390625,123.2421875,-0.389288529753685,5.496656179428101,3.6932953340001404
causal_conv,induction,263744,600,32,256,0.01171875,117.4921875,-0.37829774618148804,5.482653260231018,3.6932953340001404
causal_conv,induction,263744,600,64,256,0.00390625,119.390625,-0.38151033967733383,5.487449407577515,3.6932953340001404
causal_conv,induction,263744,600,128,256,0.00390625,123.875,-0.38921617716550827,5.49673318862915,3.6932953340001404
causal_conv,induction,263744,700,8,256,0.0,113.41796875,-0.5299122780561447,5.475510120391846,4.31026254200151
causal_conv,induction,263744,700,16,256,0.0,123.53125,-0.5555984377861023,5.498783469200134,4.31026254200151
causal_conv,induction,263744,700,32,256,0.00390625,117.453125,-0.5429801046848297,5.485907793045044,4.31026254200151
causal_conv,induction,263744,700,64,256,0.00390625,117.2734375,-0.5434315353631973,5.484599351882935,4.31026254200151
causal_conv,induction,263744,700,128,256,0.01171875,120.97265625,-0.5476673692464828,5.489784359931946,4.31026254200151
causal_conv,induction,263744,800,8,256,0.01171875,123.0859375,-0.3314194977283478,5.490971684455872,4.940669708999849
causal_conv,induction,263744,800,16,256,0.0,117.15625,-0.3243282362818718,5.486686587333679,4.940669708999849
causal_conv,induction,263744,800,32,256,0.00390625,116.84765625,-0.3257337063550949,5.485340356826782,4.940669708999849
causal_conv,induction,263744,800,64,256,0.0,114.09765625,-0.32078559696674347,5.479892015457153,4.940669708999849
causal_conv,induction,263744,800,128,256,0.0,118.08984375,-0.3240066021680832,5.484348773956299,4.940669708999849
causal_conv,induction,263744,900,8,256,0.01171875,121.48046875,-0.3139426037669182,5.489333271980286,5.548738999999841
causal_conv,induction,263744,900,16,256,0.0,112.4765625,-0.2957476004958153,5.47657573223114,5.548738999999841
causal_conv,induction,263744,900,32,256,0.00390625,123.55859375,-0.3130756840109825,5.494542837142944,5.548738999999841
causal_conv,induction,263744,900,64,256,0.0,114.59375,-0.2986942306160927,5.477866291999817,5.548738999999841
causal_conv,induction,263744,900,128,256,0.0,118.19921875,-0.3028521239757538,5.483953475952148,5.548738999999841
causal_conv,induction,263744,1000,8,256,0.00390625,127.015625,-0.33187947422266006,5.501244783401489,6.149719917000766
causal_conv,induction,263744,1000,16,256,0.00390625,114.4921875,-0.3038696348667145,5.477139472961426,6.149719917000766
causal_conv,induction,263744,1000,32,256,0.00390625,123.8515625,-0.3234601616859436,5.498384475708008,6.149719917000766
causal_conv,induction,263744,1000,64,256,0.0,116.69140625,-0.3063274994492531,5.481556534767151,6.149719917000766
causal_conv,induction,263744,1000,128,256,0.0078125,120.9140625,-0.31382911652326584,5.489771246910095,6.149719917000766
causal_conv,induction,263744,1100,8,256,0.0,125.66796875,-0.30047737807035446,5.49592125415802,6.768719375000728
causal_conv,induction,263744,1100,16,256,0.0078125,112.7421875,-0.2824043333530426,5.474241614341736,6.768719375000728
causal_conv,induction,263744,1100,32,256,0.0078125,118.26953125,-0.29545293748378754,5.483188033103943,6.768719375000728
causal_conv,induction,263744,1100,64,256,0.01171875,118.671875,-0.2969999611377716,5.4848469495773315,6.768719375000728
causal_conv,induction,263744,1100,128,256,0.00390625,118.890625,-0.3000536412000656,5.486507058143616,6.768719375000728
causal_conv,induction,263744,1200,8,256,0.00390625,120.44140625,-0.31504591554403305,5.489745259284973,7.3705896669998765
causal_conv,induction,263744,1200,16,256,0.0,118.234375,-0.31132040172815323,5.486628293991089,7.3705896669998765
causal_conv,induction,263744,1200,32,256,0.00390625,122.6015625,-0.31326352059841156,5.489926338195801,7.3705896669998765
causal_conv,induction,263744,1200,64,256,0.0,121.55859375,-0.3122826889157295,5.490090727806091,7.3705896669998765
causal_conv,induction,263744,1200,128,256,0.00390625,120.65234375,-0.3093084394931793,5.487461090087891,7.3705896669998765
causal_conv,induction,263744,1300,8,256,0.0,118.51171875,-0.2718881815671921,5.484476804733276,7.953561959000581
causal_conv,induction,263744,1300,16,256,0.00390625,124.984375,-0.28060396015644073,5.492950201034546,7.953561959000581
causal_conv,induction,263744,1300,32,256,0.00390625,123.60546875,-0.28230293095111847,5.492715120315552,7.953561959000581
causal_conv,induction,263744,1300,64,256,0.00390625,116.38671875,-0.2706344984471798,5.48045289516449,7.953561959000581
causal_conv,induction,263744,1300,128,256,0.0,125.98828125,-0.28685347735881805,5.496539235115051,7.953561959000581
causal_conv,induction,263744,1400,8,256,0.0078125,127.3671875,-0.31010203063488007,5.499399900436401,8.569323499999882
causal_conv,induction,263744,1400,16,256,0.0,119.4140625,-0.2956145629286766,5.486669182777405,8.569323499999882
causal_conv,induction,263744,1400,32,256,0.0,123.90234375,-0.29809941351413727,5.491464257240295,8.569323499999882
causal_conv,induction,263744,1400,64,256,0.00390625,114.15234375,-0.28465770184993744,5.478254318237305,8.569323499999882
causal_conv,induction,263744,1400,128,256,0.00390625,124.12109375,-0.2995891645550728,5.4915090799331665,8.569323499999882
causal_conv,induction,263744,1500,8,256,0.0,127.296875,-0.2564498484134674,5.49723482131958,9.18848108400016
causal_conv,induction,263744,1500,16,256,0.0,122.57421875,-0.2513274848461151,5.4919973611831665,9.18848108400016
causal_conv,induction,263744,1500,32,256,0.0,125.859375,-0.25339120998978615,5.493301749229431,9.18848108400016
causal_conv,induction,263744,1500,64,256,0.0,122.28125,-0.24580546095967293,5.486042380332947,9.18848108400016
causal_conv,induction,263744,1500,128,256,0.0,118.4296875,-0.24338654428720474,5.483028531074524,9.18848108400016
